Team,Type,Subtype,Period,Start Frame,Start Time [s],End Frame,End Time [s],From,To,Start X,Start Y,End X,End Y
Away,PASS,,1,51,2.04,87,3.48,Player23,Player20,0.5,0.5,0.4,0.51
Away,PASS,,1,146,5.84,186,7.44,Player20,Player18,0.43,0.5,0.44,0.22
Away,PASS,,1,248,9.92,283,11.32,Player18,Player17,0.47,0.19,0.31,0.28
Away,PASS,,1,316,12.64,346,13.84,Player17,Player16,0.29,0.32,0.26,0.58
Away,PASS,,1,395,15.8,423,16.92,Player16,Player15,0.26,0.66,0.27,0.91
Away,BALL LOST,INTERCEPTION,1,451,18.04,504,20.16,Player15,,0.26,0.92,0.64,0.93
Away,PASS,,1,672,26.88,722,28.88,Player15,Player16,0.5,1.01,0.33,0.92
Away,PASS,,1,768,30.72,808,32.32,Player16,Player17,0.29,0.84,0.23,0.53
Away,PASS,,1,855,34.2,925,37.0,Player17,Player16,0.22,0.51,0.23,0.87
Away,PASS,,1,925,37.0,947,37.88,Player16,Player15,0.23,0.87,0.28,0.99
Away,PASS,,1,956,38.24,1016,40.64,Player15,Player16,0.28,0.99,0.15,0.9
Away,BALL LOST,INTERCEPTION,1,1016,40.64,1087,43.48,Player16,,0.15,0.9,0.51,0.7
Away,PASS,,1,1155,46.2,1170,46.8,Player21,Player20,0.4,0.67,0.36,0.65
Away,PASS,,1,1170,46.8,1224,48.96,Player20,Player18,0.36,0.65,0.36,0.24
Away,PASS,,1,1289,51.56,1319,52.76,Player18,Player24,0.49,0.18,0.62,0.18
Away,BALL LOST,INTERCEPTION,1,1392,55.68,1429,57.16,Player24,,0.72,0.04,0.87,0.13
Away,BALL LOST,HEAD-INTERCEPTION,1,1610,64.4,1673,66.92,Player16,,0.5,0.29,0.7,0.32
Away,PASS,,1,1721,68.84,1753,70.12,Player24,Player21,0.67,0.33,0.58,0.44
Away,PASS,,1,1780,71.2,1843,73.72,Player21,Player15,0.59,0.48,0.56,0.84
Away,BALL LOST,INTERCEPTION,1,1843,73.72,1876,75.04,Player15,,0.56,0.84,0.69,0.72
Away,PASS,,1,1936,77.44,1993,79.72,Player15,Player16,0.54,0.88,0.34,0.73
Away,PASS,,1,2024,80.96,2079,83.16,Player16,Player17,0.32,0.68,0.32,0.38
Away,PASS,,1,2199,87.96,2241,89.64,Player17,Player16,0.38,0.38,0.34,0.68
Away,PASS,,1,2285,91.4,2320,92.8,Player16,Player15,0.35,0.71,0.43,0.94
Away,PASS,,1,2350,94.0,2370,94.8,Player15,Player19,0.43,0.95,0.53,1.0
Away,BALL LOST,INTERCEPTION,1,2370,94.8,2417,96.68,Player19,,0.53,1.0,0.65,0.79
Away,PASS,,1,3069,122.76,3131,125.24,Player17,Player18,0.16,0.28,0.18,0.04
Away,BALL LOST,,1,3131,125.24,3217,128.68,Player18,,0.18,0.04,0.55,0.31
Away,PASS,,1,4956,198.24,5041,201.64,Player25,Player23,0.03,0.5,0.52,0.29
Away,PASS,,1,5041,201.64,5102,204.08,Player23,Player18,0.52,0.29,0.38,0.19
Away,PASS,,1,5102,204.08,5129,205.16,Player18,Player22,0.38,0.19,0.5,0.03
Away,BALL LOST,,1,5129,205.16,5163,206.52,Player22,,0.5,0.03,0.51,0.23
Away,PASS,,1,5852,234.08,5867,234.68,Player21,Player15,0.24,0.88,0.18,0.85
Away,PASS,,1,5885,235.4,5900,236.0,Player15,Player19,0.18,0.85,0.27,0.73
Away,PASS,,1,5929,237.16,5959,238.36,Player19,Player16,0.23,0.73,0.09,0.67
Away,PASS,,1,5959,238.36,6011,240.44,Player16,Player17,0.09,0.67,0.12,0.38
Away,PASS,,1,6034,241.36,6079,243.16,Player17,Player18,0.14,0.33,0.29,0.07
Away,BALL OUT,,1,6099,243.96,6123,244.92,Player18,,0.33,0.04,0.4,-0.01
Away,PASS,,1,6630,265.2,6697,267.88,Player16,Player23,0.14,0.47,0.42,0.28
Away,PASS,HEAD,1,6697,267.88,6725,269.0,Player23,Player24,0.42,0.28,0.4,0.45
Away,BALL LOST,INTERCEPTION,1,6746,269.84,6751,270.04,Player24,,0.39,0.45,0.37,0.47
Away,PASS,,1,8385,335.4,8412,336.48,Player15,Player20,0.35,0.83,0.38,0.62
Away,PASS,,1,8412,336.48,8438,337.52,Player20,Player21,0.38,0.62,0.43,0.72
Away,PASS,,1,8483,339.32,8524,340.96,Player21,Player15,0.48,0.73,0.46,0.88
Away,PASS,,1,8524,340.96,8547,341.88,Player15,Player19,0.46,0.88,0.53,0.97
Away,BALL OUT,,1,8565,342.6,8597,343.88,Player19,,0.56,0.95,0.75,1.0
Away,BALL LOST,INTERCEPTION,1,9481,379.24,9523,380.92,Player23,,0.47,0.25,0.54,0.42
Away,BALL OUT,,1,9919,396.76,9950,398.0,Player17,,0.06,0.55,-0.01,0.65
Away,BALL OUT,HEAD,1,10506,420.24,10612,424.48,Player23,,0.03,0.57,0.27,1.01
Away,BALL LOST,HEAD-INTERCEPTION,1,11158,446.32,11158,446.32,Player16,,0.17,0.5,0.36,0.31
Away,BALL LOST,THEFT,1,11534,461.36,11534,461.36,Player22,,0.25,0.41,,
Away,PASS,,1,13801,552.04,13830,553.2,Player24,Player20,0.5,0.5,0.4,0.44
Away,PASS,,1,14032,561.28,14069,562.76,Player20,Player16,0.45,0.43,0.39,0.66
Away,PASS,,1,14125,565.0,14172,566.88,Player16,Player15,0.44,0.76,0.6,0.98
Away,PASS,,1,14189,567.56,14234,569.36,Player15,Player19,0.62,0.99,0.75,0.86
Away,BALL LOST,THEFT,1,14245,569.8,14245,569.8,Player19,,0.76,0.87,,
Away,BALL OUT,,1,14546,581.84,14571,582.84,Player19,,0.7,0.96,0.64,1.01
Away,BALL LOST,INTERCEPTION,1,15094,603.76,15149,605.96,Player18,,0.58,0.07,0.68,0.06
Away,PASS,,1,15449,617.96,15486,619.44,Player18,Player17,0.7,0.0,0.55,0.11
Away,PASS,,1,15530,621.2,15591,623.64,Player17,Player15,0.53,0.19,0.54,0.76
Away,PASS,,1,15608,624.32,15678,627.12,Player15,Player16,0.54,0.77,0.39,0.6
Away,PASS,,1,15678,627.12,15737,629.48,Player16,Player17,0.39,0.6,0.4,0.28
Away,PASS,,1,15833,633.32,15898,635.92,Player17,Player19,0.48,0.22,0.66,0.83
Away,BALL LOST,HEAD-INTERCEPTION,1,15898,635.92,15942,637.68,Player19,,0.66,0.83,0.75,0.7
Away,PASS,,1,16036,641.44,16059,642.36,Player23,Player21,0.68,0.76,0.59,0.74
Away,PASS,,1,16112,644.48,16149,645.96,Player21,Player18,0.61,0.64,0.63,0.2
Away,BALL LOST,INTERCEPTION,1,16200,648.0,16205,648.2,Player18,,0.74,0.18,0.77,0.2
Away,BALL LOST,INTERCEPTION,1,16254,650.16,16265,650.6,Player20,,0.66,0.34,0.61,0.34
Away,PASS,,1,16567,662.68,16632,665.28,Player25,Player15,0.06,0.5,0.17,0.75
Away,PASS,,1,16643,665.72,16683,667.32,Player15,Player21,0.19,0.77,0.25,0.7
Away,PASS,,1,16692,667.68,16742,669.68,Player21,Player15,0.25,0.71,0.3,0.9
Away,PASS,,1,16762,670.48,16792,671.68,Player15,Player16,0.3,0.9,0.21,0.74
Away,PASS,,1,16832,673.28,16870,674.8,Player16,Player20,0.24,0.71,0.3,0.45
Away,PASS,,1,16970,678.8,17015,680.6,Player20,Player22,0.47,0.3,0.73,0.07
Away,PASS,,1,17080,683.2,17100,684.0,Player22,Player24,0.84,0.17,0.83,0.36
Away,BALL LOST,THEFT,1,17113,684.52,17113,684.52,Player24,,0.84,0.37,,
Away,PASS,,1,17157,686.28,17193,687.72,Player20,Player22,0.78,0.37,0.86,0.17
Away,PASS,,1,17220,688.8,17242,689.68,Player22,Player18,0.85,0.17,0.75,0.2
Away,PASS,,1,17272,690.88,17302,692.08,Player18,Player22,0.75,0.2,0.84,0.09
Away,PASS,,1,17330,693.2,17355,694.2,Player22,Player18,0.84,0.12,0.82,0.27
Away,PASS,,1,17355,694.2,17372,694.88,Player18,Player22,0.82,0.27,0.8,0.2
Away,PASS,,1,17377,695.08,17402,696.08,Player22,Player20,0.8,0.22,0.76,0.41
Away,PASS,,1,17428,697.12,17505,700.2,Player20,Player19,0.77,0.43,0.86,0.89
Away,PASS,,1,17544,701.76,17566,702.64,Player19,Player15,0.84,0.96,0.74,0.9
Away,PASS,,1,17595,703.8,17615,704.6,Player15,Player19,0.74,0.9,0.77,0.98
Away,PASS,,1,17634,705.36,17667,706.68,Player19,Player15,0.76,0.98,0.68,0.95
Away,PASS,,1,17667,706.68,17705,708.2,Player15,Player16,0.68,0.95,0.53,0.77
Away,PASS,,1,17745,709.8,17798,711.92,Player16,Player20,0.51,0.72,0.59,0.29
Away,PASS,,1,17846,713.84,17866,714.64,Player20,Player24,0.62,0.27,0.69,0.31
Away,PASS,,1,17866,714.64,17894,715.76,Player24,Player20,0.69,0.31,0.64,0.22
Away,PASS,,1,17985,719.4,18003,720.12,Player20,Player22,0.68,0.36,0.72,0.51
Away,PASS,,1,18003,720.12,18029,721.16,Player22,Player21,0.72,0.51,0.63,0.56
Away,PASS,,1,18091,723.64,18106,724.24,Player21,Player19,0.67,0.71,0.74,0.88
Away,PASS,,1,18127,725.08,18154,726.16,Player19,Player15,0.75,0.87,0.77,0.97
Away,BALL LOST,THEFT,1,18205,728.2,18205,728.2,Player15,,0.82,0.95,,
Away,BALL LOST,,1,18347,733.88,18383,735.32,Player20,,0.7,0.65,0.76,0.58
Away,BALL LOST,INTERCEPTION,1,19485,779.4,19526,781.04,Player20,,1.01,0.01,0.94,0.53
Away,BALL LOST,INTERCEPTION,1,19654,786.16,19675,787.0,Player15,,0.89,0.93,0.89,0.65
Away,PASS,,1,19777,791.08,19852,794.08,Player19,Player20,0.69,0.5,0.85,0.16
Away,BALL LOST,THEFT,1,19874,794.96,19874,794.96,Player20,,0.87,0.16,,
Away,PASS,,1,21052,842.08,21081,843.24,Player17,Player15,0.13,0.58,0.12,0.77
Away,PASS,,1,21097,843.88,21114,844.56,Player15,Player20,0.12,0.77,0.22,0.68
Away,PASS,,1,21637,865.48,21676,867.04,Player20,Player18,0.43,0.4,0.42,0.31
Away,PASS,,1,21706,868.24,21734,869.36,Player18,Player22,0.44,0.26,0.52,0.03
Away,PASS,,1,21774,870.96,21804,872.16,Player22,Player18,0.5,0.04,0.37,0.14
Away,PASS,,1,21864,874.56,21901,876.04,Player18,Player17,0.38,0.16,0.3,0.39
Away,PASS,,1,21942,877.68,21974,878.96,Player17,Player16,0.32,0.43,0.32,0.68
Away,PASS,,1,22008,880.32,22055,882.2,Player16,Player17,0.3,0.71,0.3,0.46
Away,PASS,,1,22091,883.64,22129,885.16,Player17,Player18,0.32,0.42,0.38,0.07
Away,PASS,,1,22191,887.64,22221,888.84,Player18,Player17,0.38,0.1,0.27,0.24
Away,PASS,,1,22254,890.16,22290,891.6,Player17,Player25,0.25,0.23,0.12,0.46
Away,PASS,,1,22340,893.6,22378,895.12,Player25,Player16,0.12,0.49,0.16,0.74
Away,BALL LOST,INTERCEPTION,1,22447,897.88,22520,900.8,Player16,,0.18,0.8,0.57,0.89
Away,PASS,,1,22926,917.04,22951,918.04,Player15,Player21,0.75,1.01,0.72,0.9
Away,PASS,,1,22951,918.04,22970,918.8,Player21,Player15,0.72,0.9,0.74,1.0
Away,PASS,,1,22984,919.36,23021,920.84,Player15,Player16,0.73,0.99,0.55,0.88
Away,PASS,,1,23080,923.2,23125,925.0,Player16,Player17,0.56,0.76,0.51,0.43
Away,PASS,,1,23161,926.44,23183,927.32,Player17,Player18,0.54,0.34,0.58,0.15
Away,PASS,,1,23227,929.08,23245,929.8,Player18,Player22,0.6,0.13,0.66,0.01
Away,PASS,,1,23418,936.72,23470,938.8,Player22,Player16,0.54,0.19,0.42,0.64
Away,PASS,,1,23479,939.16,23546,941.84,Player16,Player15,0.42,0.65,0.42,0.93
Away,PASS,,1,23546,941.84,23584,943.36,Player15,Player16,0.42,0.93,0.34,0.79
Away,PASS,,1,23608,944.32,23638,945.52,Player16,Player20,0.35,0.77,0.37,0.6
Away,PASS,,1,23714,948.56,23739,949.56,Player20,Player23,0.45,0.64,0.6,0.54
Away,PASS,,1,23747,949.88,23759,950.36,Player23,Player19,0.6,0.56,0.58,0.63
Away,PASS,,1,23776,951.04,23804,952.16,Player19,Player24,0.59,0.62,0.67,0.85
Away,PASS,,1,23833,953.32,23873,954.92,Player24,Player15,0.68,0.9,0.58,0.92
Away,PASS,,1,23873,954.92,23898,955.92,Player15,Player21,0.58,0.92,0.58,0.77
Away,PASS,,1,23973,958.92,24003,960.12,Player21,Player20,0.61,0.86,0.57,0.67
Away,PASS,,1,24003,960.12,24027,961.08,Player20,Player16,0.57,0.67,0.47,0.76
Away,PASS,,1,24027,961.08,24068,962.72,Player16,Player17,0.47,0.76,0.5,0.44
Away,PASS,,1,24097,963.88,24119,964.76,Player17,Player22,0.51,0.41,0.66,0.18
Away,PASS,,1,24224,968.96,24256,970.24,Player22,Player18,0.79,0.11,0.85,0.0
Away,PASS,,1,24335,973.4,24360,974.4,Player18,Player21,0.77,0.11,0.7,0.24
Away,PASS,,1,24391,975.64,24484,979.36,Player21,Player15,0.68,0.27,0.69,0.9
Away,PASS,HEAD,1,24484,979.36,24508,980.32,Player15,Player19,0.69,0.9,0.76,0.95
Away,PASS,,1,24508,980.32,24531,981.24,Player19,Player15,0.76,0.95,0.77,0.86
Away,PASS,,1,24535,981.4,24550,982.0,Player15,Player23,0.77,0.86,0.78,0.79
Away,PASS,,1,24610,984.4,24640,985.6,Player23,Player20,0.75,0.83,0.66,0.86
Away,PASS,,1,24695,987.8,24745,989.8,Player20,Player16,0.62,0.85,0.49,0.78
Away,PASS,,1,24745,989.8,24795,991.8,Player16,Player17,0.49,0.78,0.5,0.45
Away,PASS,,1,24835,993.4,24860,994.4,Player17,Player21,0.51,0.41,0.6,0.31
Away,PASS,,1,24873,994.92,24896,995.84,Player21,Player24,0.6,0.31,0.71,0.3
Away,BALL LOST,,1,24987,999.48,25020,1000.8,Player24,,0.72,0.5,0.82,0.69
Away,BALL OUT,,1,25683,1027.32,25699,1027.96,Player18,,0.33,0.06,0.31,-0.01
Away,BALL LOST,INTERCEPTION,1,26276,1051.04,26307,1052.28,Player18,,0.2,0.13,0.3,0.07
Away,BALL OUT,,1,26493,1059.72,26535,1061.4,Player15,,0.06,0.6,-0.01,0.83
Away,BALL LOST,HEAD-INTERCEPTION,1,27148,1085.92,27177,1087.08,Player20,,0.1,0.46,0.14,0.65
Away,BALL LOST,GOAL KICK-INTERCEPTION,1,27994,1119.76,28158,1126.32,Player25,,-0.01,0.4,0.61,0.75
Away,BALL LOST,INTERCEPTION,1,28237,1129.48,28245,1129.8,Player21,,0.53,0.73,0.56,0.71
Away,PASS,,1,28338,1133.52,28363,1134.52,Player19,Player21,0.56,0.9,0.54,0.88
Away,PASS,,1,28363,1134.52,28385,1135.4,Player21,Player24,0.54,0.88,0.65,0.8
Away,BALL LOST,INTERCEPTION,1,28385,1135.4,28429,1137.16,Player24,,0.65,0.8,0.72,0.7
Away,BALL LOST,,1,29780,1191.2,29827,1193.08,Player25,,0.02,0.56,0.0,0.62
Away,PASS,,1,30390,1215.6,30432,1217.28,Player25,Player16,0.08,0.58,0.18,0.75
Away,PASS,,1,30563,1222.52,30608,1224.32,Player16,Player17,0.24,0.67,0.21,0.34
Away,PASS,,1,30633,1225.32,30665,1226.6,Player17,Player18,0.21,0.33,0.31,0.08
Away,PASS,,1,30749,1229.96,30792,1231.68,Player18,Player17,0.33,0.12,0.25,0.35
Away,PASS,,1,30873,1234.92,30913,1236.52,Player17,Player15,0.3,0.48,0.35,0.91
Away,PASS,,1,30958,1238.32,30965,1238.6,Player15,Player19,0.35,0.94,0.47,1.02
Away,BALL LOST,THEFT,1,30993,1239.72,30993,1239.72,Player19,,0.44,0.98,,
Away,BALL LOST,THEFT,1,31355,1254.2,31355,1254.2,Player18,,0.24,0.26,,
Away,BALL LOST,CLEARANCE,1,32902,1316.08,33047,1321.88,Player23,,0.12,0.47,0.42,0.89
Away,PASS,,1,33526,1341.04,33551,1342.04,Player21,Player20,0.35,0.78,0.35,0.64
Away,BALL LOST,THEFT,1,33556,1342.24,33556,1342.24,Player20,,0.35,0.63,,
Away,PASS,,1,33612,1344.48,33665,1346.6,Player17,Player18,0.28,0.53,0.33,0.21
Away,PASS,,1,33725,1349.0,33750,1350.0,Player18,Player20,0.42,0.17,0.39,0.29
Away,BALL OUT,,1,33803,1352.12,33908,1356.32,Player20,,0.45,0.31,1.01,0.21
Away,PASS,,1,34917,1396.68,35008,1400.32,Player25,Player18,0.12,0.71,0.42,0.2
Away,PASS,,1,35120,1404.8,35185,1407.4,Player18,Player20,0.49,0.12,0.4,0.32
Away,PASS,,1,35262,1410.48,35292,1411.68,Player20,Player21,0.37,0.31,0.42,0.45
Away,PASS,,1,35355,1414.2,35397,1415.88,Player21,Player18,0.43,0.27,0.58,0.02
Away,PASS,,1,35434,1417.36,35459,1418.36,Player18,Player21,0.58,0.05,0.49,0.14
Away,PASS,,1,35596,1423.84,35628,1425.12,Player21,Player18,0.53,0.33,0.65,0.08
Away,PASS,,1,35654,1426.16,35674,1426.96,Player18,Player22,0.68,0.08,0.72,0.03
Away,PASS,,1,35743,1429.72,35821,1432.84,Player22,Player19,0.67,0.2,0.87,0.91
Away,PASS,,1,35899,1435.96,35917,1436.68,Player19,Player15,0.89,0.95,0.78,0.94
Away,PASS,,1,35924,1436.96,35951,1438.04,Player15,Player20,0.78,0.93,0.78,0.76
Away,PASS,,1,35951,1438.04,35983,1439.32,Player20,Player15,0.78,0.76,0.85,0.92
Away,BALL LOST,CROSS-INTERCEPTION,1,35983,1439.32,36025,1441.0,Player15,,0.85,0.92,0.96,0.41
Away,PASS,,1,36216,1448.64,36302,1452.08,Player24,Player18,0.95,-0.03,0.71,0.11
Away,PASS,,1,36344,1453.76,36369,1454.76,Player18,Player22,0.72,0.13,0.82,0.02
Away,BALL LOST,INTERCEPTION,1,36398,1455.92,36428,1457.12,Player22,,0.82,0.01,0.85,0.22
Away,PASS,,1,37376,1495.04,37415,1496.6,Player18,Player25,0.2,0.25,0.06,0.46
Away,BALL OUT,,1,37458,1498.32,37618,1504.72,Player25,,0.08,0.56,0.8,1.0
Away,PASS,HEAD,1,38374,1534.96,38394,1535.76,Player16,Player21,0.52,0.9,0.57,0.89
Away,PASS,,1,38451,1538.04,38514,1540.56,Player21,Player20,0.53,0.91,0.45,0.65
Away,PASS,,1,38514,1540.56,38576,1543.04,Player20,Player17,0.45,0.65,0.42,0.33
Away,BALL OUT,,1,38609,1544.36,38732,1549.28,Player17,,0.45,0.21,0.77,-0.02
Away,PASS,,1,39653,1586.12,39703,1588.12,Player20,Player17,0.57,0.15,0.49,0.27
Away,PASS,,1,39720,1588.8,39742,1589.68,Player17,Player21,0.49,0.29,0.56,0.43
Away,PASS,,1,39742,1589.68,39777,1591.08,Player21,Player17,0.56,0.43,0.46,0.35
Away,PASS,,1,39803,1592.12,39828,1593.12,Player17,Player20,0.45,0.36,0.5,0.18
Away,PASS,,1,39916,1596.64,39942,1597.68,Player20,Player18,0.59,0.18,0.7,0.03
Away,BALL LOST,INTERCEPTION,1,39942,1597.68,39952,1598.08,Player18,,0.7,0.03,0.66,0.05
Away,PASS,,1,40082,1603.28,40100,1604.0,Player18,Player20,0.73,-0.03,0.64,0.04
Away,PASS,,1,40154,1606.16,40171,1606.84,Player20,Player22,0.64,0.1,0.67,0.3
Away,BALL LOST,THEFT,1,40235,1609.4,40235,1609.4,Player22,,0.69,0.25,,
Away,PASS,,1,41848,1673.92,41896,1675.84,Player16,Player17,0.27,0.77,0.17,0.4
Away,PASS,,1,41936,1677.44,41966,1678.64,Player17,Player18,0.18,0.32,0.27,0.1
Away,PASS,,1,41994,1679.76,42019,1680.76,Player18,Player20,0.27,0.1,0.32,0.3
Away,PASS,,1,42130,1685.2,42148,1685.92,Player20,Player18,0.3,0.25,0.27,0.1
Away,PASS,,1,42219,1688.76,42237,1689.48,Player18,Player20,0.37,0.03,0.33,0.16
Away,PASS,,1,42509,1700.36,42547,1701.88,Player20,Player21,0.36,0.17,0.42,0.37
Away,PASS,,1,42550,1702.0,42593,1703.72,Player21,Player17,0.42,0.37,0.28,0.38
Away,PASS,,1,42633,1705.32,42668,1706.72,Player17,Player16,0.29,0.43,0.34,0.72
Away,PASS,,1,42700,1708.0,42735,1709.4,Player16,Player15,0.34,0.73,0.39,0.95
Away,PASS,,1,42753,1710.12,42776,1711.04,Player15,Player19,0.38,0.96,0.47,0.85
Away,PASS,,1,43155,1726.2,43202,1728.08,Player16,Player21,0.49,0.88,0.47,0.69
Away,PASS,,1,43233,1729.32,43286,1731.44,Player21,Player17,0.45,0.65,0.45,0.33
Away,PASS,,1,43336,1733.44,43363,1734.52,Player17,Player18,0.49,0.27,0.64,0.03
Away,PASS,,1,43401,1736.04,43468,1738.72,Player18,Player22,0.66,0.05,0.96,0.12
Away,BALL OUT,,1,43517,1740.68,43525,1741.0,Player22,,1.03,0.17,1.01,0.19
Away,PASS,HEAD,1,44776,1791.04,44796,1791.84,Player21,Player15,0.48,0.82,0.39,0.91
Away,BALL LOST,INTERCEPTION,1,44798,1791.92,44826,1793.04,Player15,,0.4,0.91,0.42,0.88
Away,BALL OUT,,1,44995,1799.8,45002,1800.08,Player19,,0.22,0.98,0.2,1.03
Away,PASS,HEAD,1,45662,1826.48,45712,1828.48,Player18,Player22,0.55,0.1,0.65,0.07
Away,PASS,,1,45744,1829.76,45759,1830.36,Player22,Player18,0.69,0.0,0.67,0.07
Away,BALL LOST,INTERCEPTION,1,45765,1830.6,45790,1831.6,Player18,,0.68,0.07,0.72,0.07
Away,PASS,,1,45974,1838.96,46019,1840.76,Player20,Player17,0.61,0.0,0.45,0.14
Away,PASS,,1,46066,1842.64,46109,1844.36,Player17,Player16,0.42,0.23,0.38,0.6
Away,PASS,,1,46129,1845.16,46154,1846.16,Player16,Player15,0.38,0.63,0.4,0.84
Away,PASS,,1,46185,1847.4,46233,1849.32,Player15,Player23,0.4,0.84,0.61,0.76
Away,PASS,,1,46237,1849.48,46272,1850.88,Player23,Player19,0.61,0.77,0.54,0.94
Away,BALL LOST,INTERCEPTION,1,46327,1853.08,46347,1853.88,Player19,,0.5,0.91,0.53,0.87
Away,PASS,,1,46499,1859.96,46529,1861.16,Player21,Player17,0.22,0.67,0.14,0.57
Away,PASS,,1,46534,1861.36,46554,1862.16,Player17,Player15,0.13,0.57,0.14,0.73
Away,PASS,,1,46574,1862.96,46592,1863.68,Player15,Player21,0.13,0.76,0.21,0.67
Away,PASS,,1,46637,1865.48,46697,1867.88,Player21,Player22,0.24,0.7,0.38,0.19
Away,PASS,,1,46718,1868.72,46770,1870.8,Player22,Player24,0.38,0.18,0.52,0.14
Away,PASS,,1,46908,1876.32,46940,1877.6,Player24,Player22,0.8,0.18,0.74,0.34
Away,BALL LOST,INTERCEPTION,1,46943,1877.72,46980,1879.2,Player22,,0.74,0.33,0.58,0.17
Away,BALL LOST,INTERCEPTION,1,47944,1917.76,48054,1922.16,Player17,,0.12,0.69,0.62,0.84
Away,PASS,,1,48701,1948.04,48739,1949.56,Player23,Player15,0.59,0.81,0.6,0.93
Away,PASS,,1,48746,1949.84,48788,1951.52,Player15,Player16,0.6,0.93,0.47,0.86
Away,PASS,,1,48888,1955.52,48918,1956.72,Player16,Player20,0.42,0.67,0.49,0.85
Away,PASS,,1,49011,1960.44,49036,1961.44,Player20,Player24,0.58,0.83,0.7,0.61
Away,BALL LOST,INTERCEPTION,1,49038,1961.52,49068,1962.72,Player24,,0.7,0.61,0.78,0.68
Away,PASS,,1,49158,1966.32,49182,1967.28,Player19,Player15,0.66,0.78,0.58,0.85
Away,PASS,,1,49191,1967.64,49228,1969.12,Player15,Player16,0.57,0.85,0.43,0.79
Away,PASS,,1,49371,1974.84,49411,1976.44,Player16,Player21,0.39,0.6,0.49,0.35
Away,PASS,,1,49439,1977.56,49489,1979.56,Player21,Player18,0.49,0.33,0.65,0.04
Away,PASS,,1,49525,1981.0,49545,1981.8,Player18,Player22,0.69,0.07,0.73,0.21
Away,PASS,,1,49554,1982.16,49602,1984.08,Player22,Player18,0.73,0.2,0.86,0.1
Away,PASS,,1,49606,1984.24,49641,1985.64,Player18,Player23,0.87,0.1,0.84,0.33
Away,BALL LOST,INTERCEPTION,1,49668,1986.72,49690,1987.6,Player23,,0.86,0.33,0.93,0.51
Away,PASS,,1,49835,1993.4,49875,1995.0,Player18,Player22,0.93,-0.02,0.8,0.08
Away,PASS,,1,49933,1997.32,49948,1997.92,Player22,Player18,0.76,0.15,0.85,0.05
Away,PASS,,1,49981,1999.24,50011,2000.44,Player18,Player22,0.86,0.08,0.75,0.19
Away,PASS,,1,50086,2003.44,50146,2005.84,Player22,Player19,0.74,0.3,0.79,0.77
Away,PASS,,1,50146,2005.84,50196,2007.84,Player19,Player15,0.79,0.77,0.7,0.91
Away,PASS,,1,50235,2009.4,50252,2010.08,Player15,Player20,0.68,0.95,0.67,0.83
Away,PASS,,1,50281,2011.24,50308,2012.32,Player20,Player24,0.68,0.86,0.8,0.82
Away,BALL LOST,THEFT,1,50334,2013.36,50339,2013.56,Player24,,0.78,0.83,0.8,0.69
Away,PASS,,1,50551,2022.04,50614,2024.56,Player21,Player20,0.56,0.51,0.65,0.42
Away,PASS,,1,50619,2024.76,50647,2025.88,Player20,Player23,0.66,0.41,0.81,0.31
Away,BALL LOST,,1,50708,2028.32,50713,2028.52,Player23,,0.84,0.37,0.83,0.36
Away,PASS,,1,51608,2064.32,51648,2065.92,Player20,Player18,0.18,0.59,0.19,0.37
Away,PASS,,1,51763,2070.52,51793,2071.72,Player18,Player23,0.41,0.22,0.53,0.07
Away,PASS,,1,51796,2071.84,51821,2072.84,Player23,Player24,0.53,0.07,0.63,0.23
Away,PASS,,1,51824,2072.96,51842,2073.68,Player24,Player18,0.63,0.22,0.62,0.29
Away,PASS,,1,51911,2076.44,51931,2077.24,Player18,Player22,0.75,0.44,0.8,0.62
Away,BALL OUT,,1,52000,2080.0,52015,2080.6,Player22,,0.94,0.68,1.01,0.62
Away,PASS,HEAD,1,52696,2107.84,52746,2109.84,Player17,Player18,0.49,0.39,0.45,0.23
Away,PASS,,1,52784,2111.36,52807,2112.28,Player18,Player21,0.47,0.17,0.51,0.32
Away,PASS,,1,52871,2114.84,52936,2117.44,Player21,Player19,0.52,0.31,0.79,0.89
Away,PASS,,1,52941,2117.64,52971,2118.84,Player19,Player23,0.79,0.9,0.85,0.73
Away,PASS,,1,53027,2121.08,53045,2121.8,Player23,Player24,0.89,0.64,0.92,0.46
Away,PASS,,1,54891,2195.64,54921,2196.84,Player17,Player23,0.3,0.26,0.46,0.46
Away,PASS,,1,54948,2197.92,54985,2199.4,Player23,Player22,0.46,0.44,0.6,0.1
Away,BALL LOST,THEFT,1,55076,2203.04,55077,2203.08,Player22,,0.78,0.27,0.78,0.28
Away,PASS,GOAL KICK,1,56958,2278.32,56980,2279.2,Player25,Player20,0.06,0.42,0.53,0.55
Away,PASS,,1,56988,2279.52,57028,2281.12,Player20,Player15,0.53,0.56,0.45,0.77
Away,PASS,,1,57096,2283.84,57138,2285.52,Player15,Player16,0.47,0.82,0.31,0.72
Away,PASS,,1,57171,2286.84,57201,2288.04,Player16,Player15,0.3,0.72,0.38,0.92
Away,PASS,,1,57233,2289.32,57301,2292.04,Player15,Player23,0.37,0.94,0.77,0.83
Away,BALL OUT,,1,57398,2295.92,57423,2296.92,Player23,,0.99,0.77,1.01,0.76
Away,BALL LOST,INTERCEPTION,1,57992,2319.68,57997,2319.88,Player15,,0.5,0.87,0.52,0.86
Away,BALL LOST,,1,58243,2329.72,58268,2330.72,Player15,,0.56,1.0,0.72,0.92
Away,PASS,,1,58661,2346.44,58676,2347.04,Player20,Player21,0.15,0.33,0.14,0.43
Away,BALL LOST,INTERCEPTION,1,58680,2347.2,58753,2350.12,Player21,,0.14,0.43,0.38,0.23
Away,BALL LOST,INTERCEPTION,1,60883,2435.32,60945,2437.8,Player25,,0.11,0.55,0.59,0.4
Away,PASS,HEAD,1,61025,2441.0,61040,2441.6,Player17,Player21,0.38,0.42,0.44,0.39
Away,PASS,HEAD,1,61043,2441.72,61101,2444.04,Player21,Player18,0.44,0.39,0.39,0.16
Away,PASS,,1,61105,2444.2,61143,2445.72,Player18,Player22,0.4,0.14,0.5,0.02
Away,PASS,,1,61153,2446.12,61163,2446.52,Player22,Player18,0.5,0.02,0.43,0.05
Away,BALL LOST,THEFT,1,61182,2447.28,61207,2448.28,Player18,,0.42,0.04,0.42,0.08
Away,PASS,,1,61305,2452.2,61342,2453.68,Player17,Player18,0.14,0.23,0.19,0.13
Away,PASS,,1,61373,2454.92,61391,2455.64,Player18,Player16,0.17,0.16,0.11,0.41
Away,PASS,,1,61445,2457.8,61495,2459.8,Player16,Player15,0.14,0.52,0.21,0.82
Away,PASS,,1,61590,2463.6,61618,2464.72,Player15,Player16,0.3,0.96,0.19,0.83
Away,BALL LOST,INTERCEPTION,1,61651,2466.04,61715,2468.6,Player16,,0.21,0.88,0.52,0.91
Away,PASS,,1,62307,2492.28,62324,2492.96,Player21,Player18,0.54,0.14,0.46,0.13
Away,PASS,,1,62346,2493.84,62381,2495.24,Player18,Player17,0.45,0.15,0.37,0.31
Away,PASS,,1,62484,2499.36,62507,2500.28,Player17,Player18,0.35,0.34,0.4,0.18
Away,BALL LOST,THEFT,1,62575,2503.0,62575,2503.0,Player18,,0.46,0.09,0.46,0.06
Away,PASS,,1,62739,2509.56,62760,2510.4,Player18,Player21,0.47,0.01,0.44,0.13
Away,PASS,,1,62804,2512.16,62814,2512.56,Player21,Player18,0.47,0.09,0.44,0.02
Away,PASS,,1,62821,2512.84,62856,2514.24,Player18,Player17,0.44,0.02,0.28,0.25
Away,PASS,,1,62906,2516.24,62946,2517.84,Player17,Player16,0.32,0.37,0.3,0.63
Away,PASS,,1,62991,2519.64,63014,2520.56,Player16,Player20,0.32,0.69,0.39,0.56
Away,PASS,,1,63037,2521.48,63082,2523.28,Player20,Player23,0.39,0.58,0.58,0.75
Away,PASS,,1,63174,2526.96,63229,2529.16,Player23,Player24,0.7,0.55,0.82,0.24
Away,PASS,,1,63259,2530.36,63284,2531.36,Player24,Player22,0.81,0.27,0.89,0.28
Away,PASS,,1,63311,2532.44,63338,2533.52,Player22,Player23,0.92,0.24,0.93,0.45
Away,BALL LOST,INTERCEPTION,1,64182,2567.28,64239,2569.56,Player21,,0.42,0.88,0.71,0.69
Away,PASS,,1,64416,2576.64,64438,2577.52,Player23,Player19,0.54,0.9,0.6,0.93
Away,PASS,,1,64442,2577.68,64467,2578.68,Player19,Player20,0.6,0.92,0.61,0.78
Away,PASS,,1,64535,2581.4,64607,2584.28,Player20,Player18,0.61,0.67,0.72,0.17
Away,PASS,,1,64650,2586.0,64672,2586.88,Player18,Player22,0.75,0.22,0.72,0.32
Away,BALL LOST,INTERCEPTION,1,64701,2588.04,64741,2589.64,Player22,,0.74,0.33,0.93,0.57
Away,PASS,,1,66259,2650.36,66267,2650.68,Player15,Player16,0.09,0.84,0.09,0.73
Away,PASS,,1,66272,2650.88,66305,2652.2,Player16,Player19,0.09,0.72,0.25,0.84
Away,PASS,,1,66338,2653.52,66363,2654.52,Player19,Player20,0.27,0.78,0.25,0.65
Away,BALL LOST,THEFT,1,66429,2657.16,66429,2657.16,Player20,,0.28,0.72,0.26,0.73
Away,PASS,,1,66716,2668.64,66751,2670.04,Player25,Player22,0.07,0.33,0.36,0.14
Away,BALL LOST,THEFT,1,66797,2671.88,66797,2671.88,Player22,,0.38,0.15,0.43,0.2
Away,BALL LOST,FORCED-END HALF,1,67852,2714.08,67857,2714.28,Player25,,0.0,0.51,0.01,0.47
Away,BALL LOST,HEAD-INTERCEPTION,2,68554,2742.16,68613,2744.52,Player17,,0.76,0.66,0.66,0.78
Away,PASS,,2,68981,2759.24,69009,2760.36,Player18,Player21,0.74,1.01,0.75,0.91
Away,PASS,,2,69044,2761.76,69127,2765.08,Player21,Player19,0.75,0.89,0.54,0.29
Away,PASS,,2,69127,2765.08,69186,2767.44,Player19,Player15,0.54,0.29,0.63,0.14
Away,PASS,,2,69186,2767.44,69239,2769.56,Player15,Player24,0.63,0.14,0.38,0.2
Away,PASS,,2,69325,2773.0,69350,2774.0,Player24,Player19,0.31,0.12,0.25,0.04
Away,PASS,,2,69394,2775.76,69434,2777.36,Player19,Player20,0.31,0.09,0.41,0.31
Away,PASS,,2,69518,2780.72,69563,2782.52,Player20,Player17,0.48,0.52,0.57,0.72
Away,PASS,,2,69563,2782.52,69601,2784.04,Player17,Player18,0.57,0.72,0.43,0.98
Away,PASS,,2,69643,2785.72,69660,2786.4,Player18,Player21,0.42,0.95,0.44,0.82
Away,PASS,,2,69725,2789.0,69780,2791.2,Player21,Player18,0.39,0.78,0.18,0.97
Away,PASS,,2,69829,2793.16,69859,2794.36,Player18,Player21,0.13,0.92,0.22,0.67
Away,PASS,,2,70915,2836.6,70958,2838.32,Player16,Player17,0.51,0.29,0.61,0.49
Away,PASS,,2,71016,2840.64,71039,2841.56,Player17,Player16,0.61,0.47,0.61,0.24
Away,PASS,,2,71072,2842.88,71097,2843.88,Player16,Player15,0.62,0.2,0.6,0.06
Away,BALL LOST,INTERCEPTION,2,71115,2844.6,71177,2847.08,Player15,,0.61,0.06,0.29,0.03
Away,PASS,,2,71533,2861.32,71558,2862.32,Player15,Player21,0.33,0.01,0.36,0.11
Away,PASS,,2,71558,2862.32,71578,2863.12,Player21,Player15,0.36,0.11,0.34,0.02
Away,PASS,,2,71598,2863.92,71616,2864.64,Player15,Player21,0.34,0.03,0.38,0.12
Away,PASS,,2,71634,2865.36,71690,2867.6,Player21,Player17,0.39,0.12,0.56,0.48
Away,PASS,,2,71736,2869.44,71768,2870.72,Player17,Player18,0.52,0.65,0.42,0.93
Away,PASS,,2,71829,2873.16,71854,2874.16,Player18,Player23,0.4,0.83,0.29,0.81
Away,PASS,,2,71866,2874.64,71893,2875.72,Player23,Player22,0.29,0.84,0.27,0.99
Away,BALL OUT,,2,71893,2875.72,71972,2878.88,Player22,,0.27,0.99,-0.02,0.71
Away,PASS,HEAD,2,72599,2903.96,72618,2904.72,Player16,Player21,0.51,0.21,0.48,0.22
Away,PASS,HEAD,2,72618,2904.72,72656,2906.24,Player21,Player15,0.48,0.22,0.55,0.12
Away,PASS,,2,72656,2906.24,72686,2907.44,Player15,Player19,0.55,0.12,0.43,0.08
Away,PASS,,2,72716,2908.64,72736,2909.44,Player19,Player23,0.44,0.09,0.35,0.25
Away,PASS,,2,72736,2909.44,72768,2910.72,Player23,Player24,0.35,0.25,0.29,0.05
Away,BALL LOST,INTERCEPTION,2,72842,2913.68,72852,2914.08,Player24,,0.2,0.01,0.18,0.03
Away,PASS,,2,73133,2925.32,73155,2926.2,Player15,Player21,0.17,0.0,0.22,0.13
Away,PASS,,2,73182,2927.28,73197,2927.88,Player21,Player19,0.21,0.13,0.14,0.11
Away,PASS,,2,73197,2927.88,73230,2929.2,Player19,Player15,0.14,0.11,0.12,0.03
Away,PASS,,2,73386,2935.44,73431,2937.24,Player15,Player16,0.24,0.08,0.42,0.07
Away,BALL LOST,INTERCEPTION,2,73483,2939.32,73526,2941.04,Player16,,0.38,0.08,0.17,0.31
Away,PASS,,2,75523,3020.92,75546,3021.84,Player24,Player20,0.49,0.49,0.59,0.48
Away,PASS,,2,75579,3023.16,75617,3024.68,Player20,Player15,0.59,0.46,0.6,0.16
Away,BALL OUT,,2,75724,3028.96,75849,3033.96,Player15,,0.51,0.15,-0.03,0.2
Away,BALL LOST,INTERCEPTION,2,76639,3065.56,76639,3065.56,Player18,,0.42,0.82,,
Away,PASS,,2,76982,3079.28,77017,3080.68,Player18,Player22,0.43,0.83,0.35,0.94
Away,PASS,,2,77017,3080.68,77037,3081.48,Player22,Player23,0.35,0.94,0.28,0.8
Away,PASS,,2,77037,3081.48,77059,3082.36,Player23,Player22,0.28,0.8,0.33,0.83
Away,BALL LOST,THEFT,2,77084,3083.36,77084,3083.36,Player22,,0.33,0.83,,
Away,PASS,,2,78687,3147.48,78717,3148.68,Player19,Player15,0.5,0.2,0.58,0.16
Away,PASS,,2,78791,3151.64,78811,3152.44,Player15,Player20,0.5,0.28,0.53,0.44
Away,PASS,,2,78888,3155.52,78911,3156.44,Player20,Player23,0.47,0.43,0.34,0.6
Away,BALL LOST,THEFT,2,78940,3157.6,78940,3157.6,Player23,,0.33,0.6,,
Away,PASS,,2,79361,3174.44,79409,3176.36,Player15,Player16,0.67,-0.01,0.8,0.13
Away,PASS,,2,79442,3177.68,79499,3179.96,Player16,Player17,0.79,0.19,0.76,0.59
Away,PASS,,2,79672,3186.88,79715,3188.6,Player17,Player16,0.69,0.59,0.67,0.2
Away,PASS,,2,79787,3191.48,79814,3192.56,Player16,Player19,0.58,0.1,0.4,0.24
Away,PASS,,2,79876,3195.04,79903,3196.12,Player19,Player24,0.41,0.34,0.33,0.51
Away,BALL LOST,,2,79903,3196.12,79929,3197.16,Player24,,0.33,0.51,0.38,0.35
Away,PASS,,2,80319,3212.76,80367,3214.68,Player19,Player16,0.77,0.19,0.91,0.24
Away,BALL LOST,INTERCEPTION,2,80367,3214.68,80449,3217.96,Player16,,0.91,0.24,0.55,0.27
Away,BALL OUT,,2,81220,3248.8,81272,3250.88,Player16,,0.88,0.68,1.02,0.9
Away,PASS,HEAD-INTERCEPTION-CLEARANCE,2,82542,3301.68,82594,3303.76,Player21,Player22,0.96,0.5,0.87,0.76
Away,BALL LOST,HEAD,2,82594,3303.76,82684,3307.36,Player22,,0.87,0.76,0.6,0.88
Away,PASS,,2,83615,3344.6,83645,3345.8,Player24,Player19,0.75,0.33,0.65,0.28
Away,PASS,,2,83739,3349.56,83769,3350.76,Player19,Player23,0.55,0.45,0.4,0.75
Away,PASS,,2,83822,3352.88,83874,3354.96,Player23,Player22,0.38,0.75,0.37,1.0
Away,PASS,,2,83907,3356.28,83935,3357.4,Player22,Player20,0.35,1.0,0.43,0.85
Away,PASS,,2,83967,3358.68,83989,3359.56,Player20,Player21,0.43,0.83,0.4,0.63
Away,PASS,,2,84033,3361.32,84105,3364.2,Player21,Player15,0.36,0.57,0.32,0.12
Away,PASS,,2,84114,3364.56,84139,3365.56,Player15,Player19,0.31,0.11,0.25,0.06
Away,PASS,,2,84186,3367.44,84203,3368.12,Player19,Player21,0.29,0.13,0.27,0.27
Away,PASS,,2,84203,3368.12,84226,3369.04,Player21,Player19,0.27,0.27,0.32,0.22
Away,BALL LOST,INTERCEPTION,2,85489,3419.56,85521,3420.84,Player20,,0.31,0.29,0.08,0.44
Away,PASS,,2,86036,3441.44,86071,3442.84,Player20,Player22,0.0,0.99,0.08,0.95
Away,PASS,,2,86140,3445.6,86191,3447.64,Player22,Player19,0.04,0.92,0.19,0.54
Away,PASS,,2,86935,3477.4,87003,3480.12,Player15,Player16,0.64,0.13,0.72,0.21
Away,PASS,,2,87035,3481.4,87077,3483.08,Player16,Player17,0.72,0.21,0.78,0.5
Away,PASS,,2,87096,3483.84,87126,3485.04,Player17,Player18,0.78,0.51,0.71,0.8
Away,PASS,,2,87151,3486.04,87171,3486.84,Player18,Player20,0.71,0.8,0.69,0.65
Away,PASS,,2,87171,3486.84,87205,3488.2,Player20,Player23,0.69,0.65,0.52,0.76
Away,PASS,,2,88248,3529.92,88281,3531.24,Player20,Player21,0.53,0.76,0.5,0.59
Away,PASS,,2,88328,3533.12,88386,3535.44,Player21,Player16,0.52,0.59,0.56,0.26
Away,PASS,,2,88405,3536.2,88443,3537.72,Player16,Player15,0.56,0.25,0.44,0.03
Away,PASS,,2,88517,3540.68,88537,3541.48,Player15,Player21,0.44,0.12,0.41,0.24
Away,PASS,,2,88553,3542.12,88580,3543.2,Player21,Player24,0.39,0.22,0.38,0.07
Away,PASS,,2,88623,3544.92,88680,3547.2,Player24,Player16,0.47,0.04,0.7,0.13
Away,PASS,,2,88710,3548.4,88770,3550.8,Player16,Player17,0.71,0.18,0.72,0.59
Away,BALL LOST,INTERCEPTION,2,88960,3558.4,89033,3561.32,Player17,,0.52,0.78,0.29,0.11
Away,PASS,,2,89935,3597.4,89955,3598.2,Player21,Player20,0.66,0.65,0.57,0.62
Away,PASS,,2,89973,3598.92,90003,3600.12,Player20,Player24,0.54,0.6,0.42,0.35
Away,PASS,,2,90135,3605.4,90165,3606.6,Player24,Player19,0.17,0.28,0.06,0.33
Away,BALL LOST,INTERCEPTION,2,90913,3636.52,90951,3638.04,Player20,,0.02,0.97,0.04,0.62
Away,BALL LOST,INTERCEPTION,2,91019,3640.76,91037,3641.48,Player20,,0.03,0.88,0.04,0.71
Away,PASS,,2,91245,3649.8,91268,3650.72,Player21,Player24,0.34,0.98,0.38,0.97
Away,PASS,,2,91268,3650.72,91296,3651.84,Player24,Player20,0.38,0.97,0.34,0.83
Away,PASS,,2,91316,3652.64,91346,3653.84,Player20,Player19,0.36,0.81,0.41,0.62
Away,BALL OUT,,2,91426,3657.04,91520,3660.8,Player19,,0.34,0.48,0.19,-0.02
Away,BALL LOST,HEAD,2,93189,3727.56,93224,3728.96,Player21,,0.73,0.7,0.67,0.68
Away,BALL LOST,INTERCEPTION,2,93688,3747.52,93733,3749.32,Player17,,0.61,0.86,0.45,0.91
Away,PASS,,2,94517,3780.68,94574,3782.96,Player20,Player19,0.78,0.27,0.72,0.1
Away,BALL LOST,THEFT,2,94575,3783.0,94575,3783.0,Player19,,0.72,0.1,,
Away,BALL OUT,,2,94619,3784.76,94625,3785.0,Player19,,0.68,0.02,0.64,-0.03
Away,BALL LOST,,2,96604,3864.16,96671,3866.84,Player21,,0.77,0.78,0.79,0.9
Away,BALL LOST,GOAL KICK-INTERCEPTION,2,97429,3897.16,97536,3901.44,Player25,,0.99,0.6,0.42,0.31
Away,BALL OUT,,2,97775,3911.0,97810,3912.4,Player18,,0.84,0.65,1.01,0.37
Away,PASS,HEAD,2,98706,3948.24,98728,3949.12,Player17,Player20,0.95,0.44,0.86,0.59
Away,PASS,,2,98744,3949.76,98765,3950.6,Player20,Player23,0.86,0.59,0.88,0.4
Away,BALL LOST,,2,98765,3950.6,98788,3951.52,Player23,,0.88,0.4,0.79,0.36
Away,BALL LOST,,2,98887,3955.48,98911,3956.44,Player25,,0.98,0.46,0.97,0.42
Away,PASS,GOAL KICK,2,99718,3988.72,99764,3990.56,Player25,Player17,0.96,0.41,0.82,0.66
Away,PASS,,2,99853,3994.12,99875,3995.0,Player17,Player21,0.75,0.68,0.66,0.52
Away,PASS,,2,99901,3996.04,99951,3998.04,Player21,Player17,0.68,0.55,0.78,0.75
Away,BALL LOST,INTERCEPTION,2,99951,3998.04,100067,4002.68,Player17,,0.78,0.75,0.26,0.95
Away,PASS,,2,100193,4007.72,100223,4008.92,Player18,Player20,0.34,1.02,0.39,0.89
Away,PASS,,2,100223,4008.92,100245,4009.8,Player20,Player18,0.39,0.89,0.35,1.0
Away,BALL LOST,THEFT,2,100286,4011.44,100286,4011.44,Player18,,0.34,0.99,,
Away,PASS,,2,100664,4026.56,100721,4028.84,Player15,Player16,0.58,0.15,0.62,0.34
Away,PASS,,2,100825,4033.0,100873,4034.92,Player16,Player15,0.55,0.38,0.45,0.04
Away,PASS,,2,100969,4038.76,101007,4040.28,Player15,Player21,0.26,0.19,0.34,0.28
Away,PASS,,2,101028,4041.12,101093,4043.72,Player21,Player19,0.33,0.3,0.23,0.88
Away,BALL LOST,INTERCEPTION,2,101147,4045.88,101147,4045.88,Player19,,0.2,0.92,,
Away,PASS,,2,101273,4050.92,101310,4052.4,Player19,Player17,0.4,0.97,0.54,0.71
Away,PASS,,2,101380,4055.2,101405,4056.2,Player17,Player21,0.51,0.58,0.4,0.42
Away,PASS,,2,101496,4059.84,101574,4062.96,Player21,Player15,0.39,0.52,0.29,0.06
Away,PASS,,2,101655,4066.2,101687,4067.48,Player15,Player16,0.24,0.05,0.39,0.14
Away,PASS,,2,101747,4069.88,101795,4071.8,Player16,Player17,0.42,0.2,0.5,0.53
Away,PASS,,2,101821,4072.84,101863,4074.52,Player17,Player20,0.49,0.57,0.39,0.76
Away,PASS,,2,101901,4076.04,101918,4076.72,Player20,Player19,0.34,0.75,0.24,0.76
Away,BALL LOST,INTERCEPTION,2,101947,4077.88,101947,4077.88,Player19,,0.25,0.7,,
Away,PASS,,2,102043,4081.72,102083,4083.32,Player24,Player15,0.29,0.5,0.38,0.22
Away,PASS,,2,102118,4084.72,102148,4085.92,Player15,Player 26,0.36,0.18,0.2,0.07
Away,BALL LOST,INTERCEPTION,2,102196,4087.84,102223,4088.92,Player 26,,0.14,0.08,0.08,0.23
Away,BALL LOST,THEFT,2,102377,4095.08,102377,4095.08,Player 26,,0.1,0.06,,
Away,BALL OUT,,2,102491,4099.64,102524,4100.96,Player15,,0.09,0.03,0.08,-0.03
Away,PASS,HEAD,2,103221,4128.84,103286,4131.44,Player 26,Player16,0.21,0.04,0.35,0.06
Away,PASS,,2,103312,4132.48,103367,4134.68,Player16,Player17,0.37,0.07,0.5,0.36
Away,PASS,,2,103392,4135.68,103444,4137.76,Player17,Player20,0.5,0.45,0.42,0.69
Away,BALL LOST,,2,103553,4142.12,103621,4144.84,Player20,,0.27,0.6,0.34,0.37
Away,BALL LOST,HEAD,2,103939,4157.56,104042,4161.68,Player15,,0.94,0.46,0.96,0.05
Away,PASS,,2,104481,4179.24,104499,4179.96,Player16,Player20,0.93,0.55,0.88,0.63
Away,BALL LOST,INTERCEPTION,2,104537,4181.48,104584,4183.36,Player20,,0.86,0.67,0.64,0.88
Away,PASS,,2,105042,4201.68,105089,4203.56,Player16,Player15,0.84,0.48,0.8,0.33
Away,BALL LOST,FORCED,2,105089,4203.56,105089,4203.56,Player15,,0.8,0.33,,
Away,PASS,,2,106530,4261.2,106611,4264.44,Player25,Player23,0.87,0.44,0.33,0.71
Away,BALL LOST,,2,106611,4264.44,106628,4265.12,Player23,,0.33,0.71,0.3,0.73
Away,PASS,,2,107019,4280.76,107061,4282.44,Player18,Player17,0.5,1.01,0.63,0.83
Away,PASS,,2,107142,4285.68,107190,4287.6,Player17,Player16,0.62,0.67,0.66,0.38
Away,PASS,,2,107246,4289.84,107283,4291.32,Player16,Player15,0.62,0.29,0.59,0.08
Away,BALL LOST,INTERCEPTION,2,107305,4292.2,107345,4293.8,Player15,,0.59,0.07,0.29,0.05
Away,PASS,,2,107548,4301.92,107595,4303.8,Player15,Player16,0.51,0.11,0.64,0.12
Away,PASS,,2,107641,4305.64,107706,4308.24,Player16,Player17,0.62,0.23,0.61,0.62
Away,BALL LOST,,2,107934,4317.36,107975,4319.0,Player17,,0.41,0.83,0.22,0.82
Away,BALL LOST,INTERCEPTION,2,108160,4326.4,108160,4326.4,Player15,,0.3,0.52,,
Away,PASS,,2,108231,4329.24,108255,4330.2,Player20,Player19,0.33,0.62,0.31,0.54
Away,PASS,,2,108390,4335.6,108439,4337.56,Player21,Player24,0.36,0.5,0.21,0.18
Away,BALL OUT,CROSS,2,108481,4339.24,108596,4343.84,Player24,,0.16,0.19,0.01,1.01
Away,PASS,,2,111063,4442.52,111180,4447.2,Player25,Player24,0.86,0.38,0.39,0.08
Away,BALL LOST,INTERCEPTION,2,111232,4449.28,111232,4449.28,Player24,,0.28,0.03,,
Away,PASS,,2,111368,4454.72,111433,4457.32,Player24,Player15,0.19,-0.02,0.38,0.07
Away,PASS,,2,111460,4458.4,111487,4459.48,Player15,Player21,0.38,0.07,0.38,0.27
Away,PASS,,2,111505,4460.2,111530,4461.2,Player21,Player20,0.39,0.28,0.35,0.45
Away,PASS,,2,111530,4461.2,111570,4462.8,Player20,Player 26,0.35,0.45,0.24,0.52
Away,PASS,,2,111570,4462.8,111599,4463.96,Player 26,Player18,0.24,0.52,0.3,0.74
Away,PASS,,2,111621,4464.84,111646,4465.84,Player18,Player19,0.27,0.73,0.18,0.89
Away,PASS,,2,111673,4466.92,111713,4468.52,Player19,Player18,0.16,0.88,0.06,0.68
Away,PASS,CROSS,2,111713,4468.52,111758,4470.32,Player18,Player24,0.06,0.68,0.09,0.39
Away,PASS,GOAL KICK,2,118048,4721.92,118135,4725.4,Player25,Player 26,0.96,0.56,0.45,0.21
Away,BALL LOST,HEAD-INTERCEPTION,2,118135,4725.4,118159,4726.36,Player 26,,0.45,0.21,0.4,0.33
Away,PASS,HEAD,2,118379,4735.16,118412,4736.48,Player21,Player18,0.5,0.58,0.54,0.78
Away,BALL LOST,HAND BALL,2,118412,4736.48,118412,4736.48,Player18,,0.54,0.78,,
Away,BALL LOST,HAND BALL,2,119373,4774.92,119373,4774.92,Player19,,0.72,0.88,,
Away,BALL LOST,HEAD,2,120365,4814.6,120420,4816.8,Player21,,0.88,0.53,0.59,0.59
Away,PASS,HEAD,2,120640,4825.6,120717,4828.68,Player16,Player15,0.84,0.33,0.74,0.02
Away,PASS,,2,120717,4828.68,120747,4829.88,Player15,Player 26,0.74,0.02,0.63,0.14
Away,BALL LOST,INTERCEPTION,2,120753,4830.12,120775,4831.0,Player 26,,0.63,0.14,0.61,0.08
Away,PASS,,2,122918,4916.72,122942,4917.68,Player24,Player20,0.5,0.5,0.57,0.55
Away,PASS,,2,122962,4918.48,123022,4920.88,Player20,Player 26,0.56,0.54,0.46,0.07
Away,BALL LOST,THEFT,2,123185,4927.4,123185,4927.4,Player 26,,0.09,0.12,,
Away,PASS,,2,123425,4937.0,123447,4937.88,Player15,Player 26,0.06,0.01,0.02,0.03
Away,PASS,,2,123463,4938.52,123481,4939.24,Player 26,Player15,0.02,0.04,0.08,0.01
Away,PASS,,2,123525,4941.0,123585,4943.4,Player15,Player16,0.13,0.04,0.33,0.1
Away,PASS,,2,123585,4943.4,123635,4945.4,Player16,Player17,0.33,0.1,0.42,0.4
Away,PASS,,2,123692,4947.68,123741,4949.64,Player17,Player15,0.41,0.43,0.28,0.05
Away,PASS,,2,123781,4951.24,123809,4952.36,Player15,Player24,0.27,0.04,0.19,0.26
Away,BALL LOST,THEFT,2,123832,4953.28,123832,4953.28,Player24,,0.19,0.2,,
Away,PASS,GOAL KICK,2,125819,5032.76,125874,5034.96,Player25,Player16,0.96,0.56,0.8,0.35
Away,PASS,,2,125991,5039.64,126039,5041.56,Player16,Player17,0.7,0.33,0.73,0.63
Away,PASS,,2,126054,5042.16,126087,5043.48,Player17,Player18,0.73,0.63,0.65,0.86
Away,PASS,,2,126149,5045.96,126185,5047.4,Player18,Player17,0.62,0.88,0.75,0.67
Away,PASS,,2,126212,5048.48,126267,5050.68,Player17,Player15,0.76,0.62,0.67,0.06
Away,PASS,,2,126315,5052.6,126350,5054.0,Player15,Player20,0.64,0.02,0.57,0.27
Away,PASS,,2,126350,5054.0,126369,5054.76,Player20,Player 26,0.57,0.27,0.53,0.13
Away,PASS,,2,126381,5055.24,126423,5056.92,Player 26,Player24,0.53,0.14,0.4,0.09
Away,BALL LOST,THEFT,2,126462,5058.48,126462,5058.48,Player24,,0.4,0.03,,
Away,PASS,,2,126632,5065.28,126675,5067.0,Player15,Player16,0.42,-0.01,0.56,0.08
Away,PASS,,2,126712,5068.48,126763,5070.52,Player16,Player17,0.55,0.14,0.58,0.55
Away,PASS,,2,126784,5071.36,126819,5072.76,Player17,Player21,0.56,0.58,0.46,0.76
Away,PASS,,2,126927,5077.08,126962,5078.48,Player21,Player17,0.46,0.78,0.55,0.63
Away,PASS,,2,126987,5079.48,127022,5080.88,Player17,Player16,0.55,0.6,0.53,0.25
Away,PASS,,2,127051,5082.04,127091,5083.64,Player16,Player15,0.51,0.18,0.37,0.03
Away,PASS,,2,127118,5084.72,127179,5087.16,Player15,Player24,0.33,0.03,0.13,0.07
Away,PASS,,2,127179,5087.16,127233,5089.32,Player24,Player20,0.13,0.07,0.19,0.29
Away,BALL LOST,,2,127233,5089.32,127236,5089.44,Player20,,0.19,0.29,0.17,0.27
Away,BALL LOST,,2,127376,5095.04,127550,5102.0,Player17,,0.59,0.47,0.76,0.93
Away,PASS,,2,129863,5194.52,129899,5195.96,Player18,Player19,0.73,0.97,0.66,0.94
Away,PASS,,2,130216,5208.64,130247,5209.88,Player21,Player20,0.59,0.75,0.56,0.64
Away,PASS,,2,130698,5227.92,130726,5229.04,Player20,Player24,0.49,0.6,0.4,0.47
Away,PASS,,2,130726,5229.04,130757,5230.28,Player24,Player16,0.4,0.47,0.51,0.35
Away,PASS,,2,130848,5233.92,130869,5234.76,Player16,Player20,0.42,0.21,0.38,0.33
Away,PASS,,2,130896,5235.84,130920,5236.8,Player20,Player23,0.37,0.35,0.25,0.54
Away,PASS,,2,130937,5237.48,130962,5238.48,Player23,Player24,0.25,0.53,0.19,0.4
Away,BALL LOST,INTERCEPTION,2,133541,5341.64,133579,5343.16,Player21,,0.53,0.85,0.38,0.45
Away,PASS,,2,133756,5350.24,133779,5351.16,Player18,Player21,0.52,1.01,0.52,0.92
Away,PASS,,2,133845,5353.8,133897,5355.88,Player21,Player16,0.52,0.86,0.64,0.46
Away,PASS,,2,133897,5355.88,133944,5357.76,Player16,Player17,0.64,0.46,0.68,0.76
Away,BALL LOST,INTERCEPTION,2,133991,5359.64,134048,5361.92,Player17,,0.65,0.82,0.34,0.7
Away,PASS,,2,134184,5367.36,134235,5369.4,Player21,Player23,0.62,0.53,0.61,0.32
Away,PASS,,2,134243,5369.72,134268,5370.72,Player23,Player15,0.62,0.3,0.68,0.25
Away,PASS,,2,134268,5370.72,134290,5371.6,Player15,Player20,0.68,0.25,0.6,0.33
Away,PASS,,2,134290,5371.6,134310,5372.4,Player20,Player23,0.6,0.33,0.58,0.16
Away,PASS,,2,134310,5372.4,134340,5373.6,Player23,Player15,0.58,0.16,0.68,0.16
Away,PASS,,2,134356,5374.24,134383,5375.32,Player15,Player16,0.68,0.15,0.75,0.29
Away,PASS,,2,134407,5376.28,134427,5377.08,Player16,Player20,0.76,0.3,0.68,0.37
Away,PASS,,2,134529,5381.16,134549,5381.96,Player20,Player 26,0.52,0.33,0.39,0.31
Away,PASS,,2,134612,5384.48,134653,5386.12,Player 26,Player15,0.36,0.25,0.29,0.05
Away,PASS,,2,134673,5386.92,134685,5387.4,Player15,Player24,0.26,0.04,0.23,0.03
Away,BALL LOST,INTERCEPTION,2,134773,5390.92,134793,5391.72,Player24,,0.2,0.19,0.17,0.37
Away,BALL LOST,INTERCEPTION,2,134902,5396.08,134962,5398.48,Player16,,0.36,0.3,0.19,0.74
Away,PASS,,2,135016,5400.64,135072,5402.88,Player19,Player18,0.23,0.89,0.37,0.83
Away,PASS,,2,135072,5402.88,135180,5407.2,Player18,Player25,0.37,0.83,0.68,0.57
Away,PASS,,2,135206,5408.24,135238,5409.52,Player25,Player16,0.66,0.54,0.56,0.36
Away,PASS,,2,135347,5413.88,135396,5415.84,Player16,Player15,0.48,0.22,0.3,0.04
Away,BALL LOST,INTERCEPTION,2,135439,5417.56,135460,5418.4,Player15,,0.24,0.04,0.11,0.26
Away,PASS,HEAD,2,135519,5420.76,135587,5423.48,Player20,Player16,0.28,0.23,0.41,0.27
Away,PASS,,2,135616,5424.64,135639,5425.56,Player16,Player21,0.41,0.3,0.35,0.38
Away,PASS,,2,135693,5427.72,135735,5429.4,Player21,Player17,0.35,0.38,0.41,0.58
Away,PASS,,2,135735,5429.4,135769,5430.76,Player17,Player18,0.41,0.58,0.37,0.72
Away,PASS,,2,135795,5431.8,135819,5432.76,Player18,Player19,0.36,0.73,0.28,0.94
Away,PASS,,2,135876,5435.04,135894,5435.76,Player19,Player21,0.33,0.87,0.29,0.75
Away,PASS,,2,135929,5437.16,135985,5439.4,Player21,Player23,0.3,0.77,0.13,0.88
Away,PASS,CROSS,2,136020,5440.8,136060,5442.4,Player23,Player 26,0.1,0.83,0.05,0.46
Away,PASS,,2,140010,5600.4,140058,5602.32,Player25,Player21,0.87,0.5,0.64,0.8
Away,BALL LOST,INTERCEPTION,2,140122,5604.88,140183,5607.32,Player21,,0.54,0.77,0.29,0.24
